,Mean Error,Percent Bias,Mean Absolute Error,Root Mean Square Error,Nash-Shutcliffe-Efficiency,Index of Agreement
0,0.3307600078786278,-10.608789155476064,1.0136295413685887,1.4678074485403865,0.5483839073220067,0.8415187818880517
